Delta_TP9,Delta_AF7,Delta_AF8,Delta_TP10,Theta_TP9,Theta_AF7,Theta_AF8,Theta_TP10,Alpha_TP9,Alpha_AF7,Alpha_AF8,Alpha_TP10,Beta_TP9,Beta_AF7,Beta_AF8,Beta_TP10,Gamma_TP9,Gamma_AF7,Gamma_AF8,Gamma_TP10
26423.525183564965,14815.058457383395,0.0,20456.932962646744,28649.558921681084,8787.104173151754,0.0,15677.51623169943,28797.861411682676,10919.788087302353,0.0,21187.84819434739,21884.83447938718,6724.257111052991,0.0,15234.13452109946,10693.241701679504,569.1967479841411,0.0,6225.098773146335
